{
  "name" : "export_ ",
  "sourceOrgId" : "2fD0URlNcuFfj6fdli77oA",
  "sourceOrgName" : "Informatica IPS IDC",
  "exportedObjects" : [ {
    "objectGuid" : "4k2frGrAz0pjcUVC6G8Mea",
    "objectName" : "m_C_LDG_USCORE_ALT_ID",
    "objectType" : "DTEMPLATE",
    "path" : "/Explore/PC_REPO/CDM",
    "metadata" : {
      "modelVersion" : {
        "major" : 0,
        "minor" : 0
      },
      "repoInfo" : {
        "repoHandle" : "01002F1700000000000D"
      },
      "objectRefs" : [ ],
      "contextAttributes" : [ {
        "name" : "id",
        "value" : "@1"
      } ],
      "additionalInfo" : {
        "description" : "Mapping pushed from PC to ICS : m_C_LDG_USCORE_ALT_ID",
        "contentType" : "JSON",
        "documentState" : "VALID"
      },
      "objectExistence" : "WITH_DEPENDENCIES"
    }
  }, {
    "objectGuid" : "28vbaQW3iDDhV0O6SKIse7",
    "objectName" : "CDM",
    "objectType" : "Folder",
    "path" : "/Explore/PC_REPO",
    "metadata" : {
      "modelVersion" : {
        "major" : 0,
        "minor" : 0
      },
      "repoInfo" : null,
      "objectRefs" : [ ],
      "contextAttributes" : [ ],
      "additionalInfo" : {
        "description" : "",
        "contentType" : "Binary",
        "documentState" : "COMPLETE"
      },
      "objectExistence" : "WITHOUT_DEPENDENCIES"
    }
  }, {
    "objectGuid" : "d1SP293n429dmcNv04BlG1",
    "objectName" : "PC_REPO",
    "objectType" : "Project",
    "path" : "/Explore",
    "metadata" : {
      "modelVersion" : {
        "major" : 0,
        "minor" : 0
      },
      "repoInfo" : null,
      "objectRefs" : [ ],
      "contextAttributes" : [ ],
      "additionalInfo" : {
        "description" : "Migrated project",
        "contentType" : "Binary",
        "documentState" : "COMPLETE"
      },
      "objectExistence" : "WITHOUT_DEPENDENCIES"
    }
  } ]
}